{
  "intercept": -0.14391267005358443,
  "coefficients": {
    "area": 0.0003730566362740607,
    "bedrooms": 0.012425794383413768,
    "bathrooms": -0.0041056307058596345,
    "locality_encoded": 0.9550442682634451,
    "type_apartment": -0.14869377424884442,
    "type_commercial": 0.05435712056389081,
    "type_house": 0.028611774654474682,
    "type_plot": 0.06572487903053924
  },
  "locality_encoding": {
    "Askari 10": 17.42701424159814,
    "Bahria Town": 17.333198925688112,
    "Bahria Town Karachi": 17.35933708963938,
    "Bahria Town Lahore": 17.466208785457187,
    "Blue Area": 18.169355758084475,
    "Cantt": 17.563537170284825,
    "Clifton": 17.959799723416808,
    "DHA Phase 1": 17.56862797682685,
    "DHA Phase 2": 17.517902910324793,
    "DHA Phase 5": 17.697386222868936,
    "DHA Phase 6": 17.652314419645354,
    "DHA Phase 8": 17.6922205630358,
    "E-11": 17.522676407628367,
    "F-10": 18.12509922061286,
    "F-11": 17.71109133825335,
    "F-6": 18.03145147749966,
    "F-7": 18.134963840275994,
    "F-8": 17.793964499868235,
    "Federal B Area": 17.00124976789273,
    "G-10": 17.445376656904063,
    "G-6": 17.764368871827475,
    "G-7": 17.932543592548708,
    "G-8": 17.458368551434663,
    "G-9": 17.645131320268383,
    "Garden Town": 17.292620745540855,
    "Gulberg": 17.86792710872693,
    "Gulistan-e-Jauhar": 17.183762506725042,
    "Gulshan-e-Iqbal": 17.00928048506561,
    "Iqbal Town": 16.9579114945759,
    "Johar Town": 17.14411764488355,
    "Korangi": 16.850623301469767,
    "Lake City": 17.49972900909662,
    "Malir Cantt": 17.047275961051284,
    "Model Town": 17.750010438917094,
    "Nazimabad": 16.947200501909563,
    "North Nazimabad": 17.05807288856812,
    "PECHS": 17.20378116385976,
    "PWD Housing Society": 17.17408360517024,
    "Paragon City": 17.34498105329298,
    "Scheme 33": 17.049306863041167,
    "Shah Faisal Colony": 16.66275678203048,
    "Valencia Town": 17.257545216202647,
    "Wapda Town": 17.087312328064293
  },
  "feature_order": [
    "area",
    "bedrooms",
    "bathrooms",
    "locality_encoded",
    "type_apartment",
    "type_commercial",
    "type_house",
    "type_plot"
  ],
  "training_residual_std": 0.15921078494783056,
  "log_transformed": true,
  "trained_date": "2026-04-29"
}